{"stats":{"minecraft:custom":{"minecraft:jump":3,"minecraft:intelligence":0,"minecraft:time_since_rest":2405,"minecraft:energy":50,"minecraft:blood":0,"minecraft:leave_game":1,"minecraft:magic_shield":0,"minecraft:sprint_one_cm":362,"minecraft:health":100,"minecraft:play_time":2405,"minecraft:move_speed":0,"minecraft:time_since_death":2405,"minecraft:walk_one_cm":1450,"minecraft:strength":0,"minecraft:total_world_time":2405,"minecraft:fly_one_cm":437,"minecraft:mana":50,"minecraft:dexterity":0},"minecraft:mined":{"minecraft:grass_block":1},"minecraft:picked_up":{"minecraft:dirt":1}},"DataVersion":3465}